,max,mean,median,min,rmse,sse,std
odom_tum.txt,4.383985919065737,3.3802771627783184,3.3715306993919687,1.9416464651850678,3.4037215470884665,17852.978690346143,0.39880656077059157
